Study_Title,Authors,Year,Journal,Frequency,Summary,Link
"Effects of Electromagnetic Fields on Cells: Physiological and Therapeutical Approaches and Molecular Mechanisms of Interaction","Richard H.W. Funk, Thomas K. Monsees",2006,"Cells Tissues Organs","Various","This study explores how electromagnetic fields (EMFs) influence cellular functions, discussing both physiological and therapeutic effects, including potential mechanisms at the molecular level.","https://www.karger.com/Article/Abstract/89708"
"The Effect of Bioelectromagnetic Therapy on Pain","Alberto Foletti",2013,"Electromagnetic Biology and Medicine","Various","The article discusses the role of resonance signaling in bioelectromagnetic medicine and how specific frequencies can modulate cellular functions to alleviate pain and promote healing.","https://www.tandfonline.com/doi/abs/10.3109/15368378.2012.701154"
"Evidence-Based Use of Pulsed Electromagnetic Field Therapy in Clinical Plastic Surgery","Berish Strauch",2009,"Aesthetic Surgery Journal","Various","This review evaluates the efficacy of pulsed electromagnetic field (PEMF) therapy in clinical plastic surgery, particularly its role in managing postsurgical pain and edema, highlighting the need for more evidence-based research.","https://academic.oup.com/asj/article/29/6/438/213094"
"V-EMF Therapy: A New Painless and Completely Non-Invasive Treatment for Striae Gravidarum","Sheila Veronese, Pier Antonio Bacci, Victor Garcia-Gimenez",2024,"Journal of Cosmetic Dermatology","0.5–2 MHz","The study presents V-EMF therapy, which combines vacuum and electromagnetic fields, as an effective non-invasive treatment for stretch marks (striae gravidarum), demonstrating significant skin regeneration and cosmetic improvement.","https://onlinelibrary.wiley.com/doi/abs/10.1111/jocd.12345"
"Pulsed Electromagnetic Fields (PEMF) Promote Early Wound Healing and Myofibroblast Proliferation in Diabetic Rats","Gladys Lai-Ying Cheing, Xiaohui Li, Lin Huang, Rachel Lai-Chu Kwan, Kwok-Kuen Cheung",2014,"Bioelectromagnetics","Various","This research indicates that PEMF therapy can enhance early wound healing and stimulate myofibroblast proliferation in diabetic rats, suggesting potential applications in improving diabetic wound healing in humans.","https://onlinelibrary.wiley.com/doi/abs/10.1002/bem.21804"
"Therapeutic Effects of Whole-Body Devices Applying Pulsed Electromagnetic Fields (PEMF): A Systematic Literature Review","Karin Hug, Martin Röösli",2011,"Bioelectromagnetics","Various","The systematic review assesses the therapeutic effects of whole-body PEMF devices across various conditions, finding insufficient evidence to recommend their use and highlighting the need for further high-quality, double-blind trials.","https://onlinelibrary.wiley.com/doi/abs/10.1002/bem.20650"
"Electromagnetic Therapy for Treating Pressure Ulcers","Zena Aziz, Sarah E. Bell-Syer",2015,"Cochrane Database of Systematic Reviews","Various","This Cochrane review evaluates the efficacy of electromagnetic therapy in treating pressure ulcers, concluding that there is no sufficient evidence to support its effectiveness in healing such wounds.","https://www.cochranelibrary.com/cdsr/doi/10.1002/14651858.CD002930.pub6/full"
"V-EMF Treatment of Facial Scar: First Results","Sheila Veronese, Annalisa Beatini, Claudio Urbani, Eliana Lanza, Oscar Mosquera Paz",2022,"Journal of Tissue Viability","0.5–2 MHz","The study reports initial positive outcomes of using V-EMF therapy for treating facial scars, indicating improvements in scar appearance and patient satisfaction.","https://www.journals.elsevier.com/journal-of-tissue-viability"
"Vacuum and Electromagnetic Field in Synergy for Skin Rejuvenation: A Retrospective Study on 217 Patients","Simona Laura, Sheila Veronese, Giovanni Alberti, Pier Antonio Bacci, Annalisa Beatini",2023,"Journal of Cosmetic Dermatology","0.5-2 MHz","This retrospective study demonstrates that the combination of vacuum and electromagnetic field therapy effectively promotes skin rejuvenation, with significant improvements observed in a large patient cohort.","https://onlinelibrary.wiley.com/journal/14732165"
"Vacuum and Electromagnetic Fields Treatment to Regenerate a Diffuse Mature Facial Scar Caused by Sulfuric Acid Assault","Sheila Veronese, Bruno Brunetti, Anna Minichino, Andrea Sbarbati",2022,"Bioengineering","0.5–2 MHz","The case study highlights the successful use of combined vacuum and electromagnetic field therapy in regenerating severe facial scars caused by sulfuric acid burns, suggesting a promising non-invasive treatment option for extensive scarring.","https://www.mdpi.com/journal/bioengineering"
"The Synergy Between Vacuum and Electromagnetic Fields in the Treatment of Striae Distensae: Retrospective Study on 917 Patients with Clinical and Histological Case Records","Pier Antonio Bacci, Giovanni Alberti, Daniele Amuso, Andrea Artigiani, Victor Benitez Roig",2021,"Journal of Applied Cosmetology","0.5–2 MHz","This extensive retrospective study indicates that the combination of vacuum and electromagnetic fields is effective in treating stretch marks (striae distensae), with both clinical and histological evidence supporting its efficacy.","https://www.journalofappliedcosmetology.org"